run_accession	sample_accession	experiment_accession	study_accession	tax_id	scientific_name	library_strategy	fastq_ftp	submitted_ftp	sra_ftp	sample_alias	sample_title	bam_ftp
SRR5988448	SAMN07571744	SRX3144223	PRJNA400602	8355	Xenopus laevis	RNA-Seq	ftp.sra.ebi.ac.uk/vol1/fastq/SRR598/008/SRR5988448/SRR5988448_1.fastq.gz;ftp.sra.ebi.ac.uk/vol1/fastq/SRR598/008/SRR5988448/SRR5988448_2.fastq.gz		ftp.sra.ebi.ac.uk/vol1/srr/SRR598/008/SRR5988448	GSM2758813	14_NB_B108T22	
SRR5988463	SAMN07571790	SRX3144238	PRJNA400602	8355	Xenopus laevis	RNA-Seq	ftp.sra.ebi.ac.uk/vol1/fastq/SRR598/003/SRR5988463/SRR5988463_1.fastq.gz;ftp.sra.ebi.ac.uk/vol1/fastq/SRR598/003/SRR5988463/SRR5988463_2.fastq.gz		ftp.sra.ebi.ac.uk/vol1/srr/SRR598/003/SRR5988463	GSM2758828	12.5_NP(a)_B108T52	
SRR5988464	SAMN07571789	SRX3144239	PRJNA400602	8355	Xenopus laevis	RNA-Seq	ftp.sra.ebi.ac.uk/vol1/fastq/SRR598/004/SRR5988464/SRR5988464_1.fastq.gz;ftp.sra.ebi.ac.uk/vol1/fastq/SRR598/004/SRR5988464/SRR5988464_2.fastq.gz		ftp.sra.ebi.ac.uk/vol1/srr/SRR598/004/SRR5988464	GSM2758829	12.5_NB(a)_B108T71	
SRR5988465	SAMN07571788	SRX3144240	PRJNA400602	8355	Xenopus laevis	RNA-Seq	ftp.sra.ebi.ac.uk/vol1/fastq/SRR598/005/SRR5988465/SRR5988465_1.fastq.gz;ftp.sra.ebi.ac.uk/vol1/fastq/SRR598/005/SRR5988465/SRR5988465_2.fastq.gz		ftp.sra.ebi.ac.uk/vol1/srr/SRR598/005/SRR5988465	GSM2758830	12.5_ANB/PPE_B108T5	
SRR5988466	SAMN07571787	SRX3144241	PRJNA400602	8355	Xenopus laevis	RNA-Seq	ftp.sra.ebi.ac.uk/vol1/fastq/SRR598/006/SRR5988466/SRR5988466_1.fastq.gz;ftp.sra.ebi.ac.uk/vol1/fastq/SRR598/006/SRR5988466/SRR5988466_2.fastq.gz		ftp.sra.ebi.ac.uk/vol1/srr/SRR598/006/SRR5988466	GSM2758831	12.5_NB(a)_B108T72	
SRR5988467	SAMN07571785	SRX3144242	PRJNA400602	8355	Xenopus laevis	RNA-Seq	ftp.sra.ebi.ac.uk/vol1/fastq/SRR598/007/SRR5988467/SRR5988467_1.fastq.gz;ftp.sra.ebi.ac.uk/vol1/fastq/SRR598/007/SRR5988467/SRR5988467_2.fastq.gz		ftp.sra.ebi.ac.uk/vol1/srr/SRR598/007/SRR5988467	GSM2758832	12.5_NP(p)_B100T16	
SRR5988469	SAMN07571784	SRX3144244	PRJNA400602	8355	Xenopus laevis	RNA-Seq	ftp.sra.ebi.ac.uk/vol1/fastq/SRR598/009/SRR5988469/SRR5988469_1.fastq.gz;ftp.sra.ebi.ac.uk/vol1/fastq/SRR598/009/SRR5988469/SRR5988469_2.fastq.gz		ftp.sra.ebi.ac.uk/vol1/srr/SRR598/009/SRR5988469	GSM2758834	12.5_NB(l)_B108T53	
SRR5988473	SAMN07571779	SRX3144248	PRJNA400602	8355	Xenopus laevis	RNA-Seq	ftp.sra.ebi.ac.uk/vol1/fastq/SRR598/003/SRR5988473/SRR5988473_1.fastq.gz;ftp.sra.ebi.ac.uk/vol1/fastq/SRR598/003/SRR5988473/SRR5988473_2.fastq.gz		ftp.sra.ebi.ac.uk/vol1/srr/SRR598/003/SRR5988473	GSM2758838	12.5_ANB/PPE_B108T54	
SRR5988474	SAMN07571778	SRX3144249	PRJNA400602	8355	Xenopus laevis	RNA-Seq	ftp.sra.ebi.ac.uk/vol1/fastq/SRR598/004/SRR5988474/SRR5988474_1.fastq.gz;ftp.sra.ebi.ac.uk/vol1/fastq/SRR598/004/SRR5988474/SRR5988474_2.fastq.gz		ftp.sra.ebi.ac.uk/vol1/srr/SRR598/004/SRR5988474	GSM2758839	14_NP(a)_B108T75	
SRR5988475	SAMN07571777	SRX3144250	PRJNA400602	8355	Xenopus laevis	RNA-Seq	ftp.sra.ebi.ac.uk/vol1/fastq/SRR598/005/SRR5988475/SRR5988475_1.fastq.gz;ftp.sra.ebi.ac.uk/vol1/fastq/SRR598/005/SRR5988475/SRR5988475_2.fastq.gz		ftp.sra.ebi.ac.uk/vol1/srr/SRR598/005/SRR5988475	GSM2758840	14_NP(p)_B108T55	
SRR5988480	SAMN07571772	SRX3144255	PRJNA400602	8355	Xenopus laevis	RNA-Seq	ftp.sra.ebi.ac.uk/vol1/fastq/SRR598/000/SRR5988480/SRR5988480_1.fastq.gz;ftp.sra.ebi.ac.uk/vol1/fastq/SRR598/000/SRR5988480/SRR5988480_2.fastq.gz		ftp.sra.ebi.ac.uk/vol1/srr/SRR598/000/SRR5988480	GSM2758845	14_NP(a)_B108T7	
SRR5988482	SAMN07571770	SRX3144257	PRJNA400602	8355	Xenopus laevis	RNA-Seq	ftp.sra.ebi.ac.uk/vol1/fastq/SRR598/002/SRR5988482/SRR5988482_1.fastq.gz;ftp.sra.ebi.ac.uk/vol1/fastq/SRR598/002/SRR5988482/SRR5988482_2.fastq.gz		ftp.sra.ebi.ac.uk/vol1/srr/SRR598/002/SRR5988482	GSM2758847	14_NP(a)_B108T76	
SRR5988484	SAMN07571768	SRX3144259	PRJNA400602	8355	Xenopus laevis	RNA-Seq	ftp.sra.ebi.ac.uk/vol1/fastq/SRR598/004/SRR5988484/SRR5988484_1.fastq.gz;ftp.sra.ebi.ac.uk/vol1/fastq/SRR598/004/SRR5988484/SRR5988484_2.fastq.gz		ftp.sra.ebi.ac.uk/vol1/srr/SRR598/004/SRR5988484	GSM2758849	14_NB(a)_B108T78	
SRR5988491	SAMN07571761	SRX3144266	PRJNA400602	8355	Xenopus laevis	RNA-Seq	ftp.sra.ebi.ac.uk/vol1/fastq/SRR598/001/SRR5988491/SRR5988491_1.fastq.gz;ftp.sra.ebi.ac.uk/vol1/fastq/SRR598/001/SRR5988491/SRR5988491_2.fastq.gz		ftp.sra.ebi.ac.uk/vol1/srr/SRR598/001/SRR5988491	GSM2758856	14_NB(a)_B108T80	
SRR5988498	SAMN07571754	SRX3144273	PRJNA400602	8355	Xenopus laevis	RNA-Seq	ftp.sra.ebi.ac.uk/vol1/fastq/SRR598/008/SRR5988498/SRR5988498_1.fastq.gz;ftp.sra.ebi.ac.uk/vol1/fastq/SRR598/008/SRR5988498/SRR5988498_2.fastq.gz		ftp.sra.ebi.ac.uk/vol1/srr/SRR598/008/SRR5988498	GSM2758863	14_WE_B108T26	
SRR5988503	SAMN07571749	SRX3144278	PRJNA400602	8355	Xenopus laevis	RNA-Seq	ftp.sra.ebi.ac.uk/vol1/fastq/SRR598/003/SRR5988503/SRR5988503_1.fastq.gz;ftp.sra.ebi.ac.uk/vol1/fastq/SRR598/003/SRR5988503/SRR5988503_2.fastq.gz		ftp.sra.ebi.ac.uk/vol1/srr/SRR598/003/SRR5988503	GSM2758868	11-11.5_WE_B108T35	
SRR5988505	SAMN07571812	SRX3144280	PRJNA400602	8355	Xenopus laevis	RNA-Seq	ftp.sra.ebi.ac.uk/vol1/fastq/SRR598/005/SRR5988505/SRR5988505_1.fastq.gz;ftp.sra.ebi.ac.uk/vol1/fastq/SRR598/005/SRR5988505/SRR5988505_2.fastq.gz		ftp.sra.ebi.ac.uk/vol1/srr/SRR598/005/SRR5988505	GSM2758870	12.5_WE_B108T37	
SRR5988444	SAMN07571748	SRX3144219	PRJNA400602	8355	Xenopus laevis	RNA-Seq	ftp.sra.ebi.ac.uk/vol1/fastq/SRR598/004/SRR5988444/SRR5988444_1.fastq.gz;ftp.sra.ebi.ac.uk/vol1/fastq/SRR598/004/SRR5988444/SRR5988444_2.fastq.gz		ftp.sra.ebi.ac.uk/vol1/srr/SRR598/004/SRR5988444	GSM2758809	14_NB(a)_B100T1	
SRR5988509	SAMN07571805	SRX3144284	PRJNA400602	8355	Xenopus laevis	RNA-Seq	ftp.sra.ebi.ac.uk/vol1/fastq/SRR598/009/SRR5988509/SRR5988509_1.fastq.gz;ftp.sra.ebi.ac.uk/vol1/fastq/SRR598/009/SRR5988509/SRR5988509_2.fastq.gz		ftp.sra.ebi.ac.uk/vol1/srr/SRR598/009/SRR5988509	GSM2758874	18-19_WE_B108T41	
SRR5988515	SAMN07571802	SRX3144290	PRJNA400602	8355	Xenopus laevis	RNA-Seq	ftp.sra.ebi.ac.uk/vol1/fastq/SRR598/005/SRR5988515/SRR5988515_1.fastq.gz;ftp.sra.ebi.ac.uk/vol1/fastq/SRR598/005/SRR5988515/SRR5988515_2.fastq.gz		ftp.sra.ebi.ac.uk/vol1/srr/SRR598/005/SRR5988515	GSM2758880	16-17_WE_B108T47	
SRR5988520	SAMN07571797	SRX3144295	PRJNA400602	8355	Xenopus laevis	RNA-Seq	ftp.sra.ebi.ac.uk/vol1/fastq/SRR598/000/SRR5988520/SRR5988520_1.fastq.gz;ftp.sra.ebi.ac.uk/vol1/fastq/SRR598/000/SRR5988520/SRR5988520_2.fastq.gz		ftp.sra.ebi.ac.uk/vol1/srr/SRR598/000/SRR5988520	GSM2758885	17_Pc_B108T16	
SRR5988522	SAMN07571795	SRX3144297	PRJNA400602	8355	Xenopus laevis	RNA-Seq	ftp.sra.ebi.ac.uk/vol1/fastq/SRR598/002/SRR5988522/SRR5988522_1.fastq.gz;ftp.sra.ebi.ac.uk/vol1/fastq/SRR598/002/SRR5988522/SRR5988522_2.fastq.gz		ftp.sra.ebi.ac.uk/vol1/srr/SRR598/002/SRR5988522	GSM2758887	14_NB_B108T18	
SRR5988445	SAMN07571747	SRX3144220	PRJNA400602	8355	Xenopus laevis	RNA-Seq	ftp.sra.ebi.ac.uk/vol1/fastq/SRR598/005/SRR5988445/SRR5988445_1.fastq.gz;ftp.sra.ebi.ac.uk/vol1/fastq/SRR598/005/SRR5988445/SRR5988445_2.fastq.gz		ftp.sra.ebi.ac.uk/vol1/srr/SRR598/005/SRR5988445	GSM2758810	14_NB(p)_B100T2	
SRR5988446	SAMN07571746	SRX3144221	PRJNA400602	8355	Xenopus laevis	RNA-Seq	ftp.sra.ebi.ac.uk/vol1/fastq/SRR598/006/SRR5988446/SRR5988446_1.fastq.gz;ftp.sra.ebi.ac.uk/vol1/fastq/SRR598/006/SRR5988446/SRR5988446_2.fastq.gz		ftp.sra.ebi.ac.uk/vol1/srr/SRR598/006/SRR5988446	GSM2758811	17_NC_B100T3	
SRR5988451	SAMN07571820	SRX3144226	PRJNA400602	8355	Xenopus laevis	RNA-Seq	ftp.sra.ebi.ac.uk/vol1/fastq/SRR598/001/SRR5988451/SRR5988451_1.fastq.gz;ftp.sra.ebi.ac.uk/vol1/fastq/SRR598/001/SRR5988451/SRR5988451_2.fastq.gz		ftp.sra.ebi.ac.uk/vol1/srr/SRR598/001/SRR5988451	GSM2758816	14_NP_B100T19	
SRR5988452	SAMN07571819	SRX3144227	PRJNA400602	8355	Xenopus laevis	RNA-Seq	ftp.sra.ebi.ac.uk/vol1/fastq/SRR598/002/SRR5988452/SRR5988452_1.fastq.gz;ftp.sra.ebi.ac.uk/vol1/fastq/SRR598/002/SRR5988452/SRR5988452_2.fastq.gz		ftp.sra.ebi.ac.uk/vol1/srr/SRR598/002/SRR5988452	GSM2758817	12.5_NP(p)_B108T65	
SRR5988453	SAMN07571818	SRX3144228	PRJNA400602	8355	Xenopus laevis	RNA-Seq	ftp.sra.ebi.ac.uk/vol1/fastq/SRR598/003/SRR5988453/SRR5988453_1.fastq.gz;ftp.sra.ebi.ac.uk/vol1/fastq/SRR598/003/SRR5988453/SRR5988453_2.fastq.gz		ftp.sra.ebi.ac.uk/vol1/srr/SRR598/003/SRR5988453	GSM2758818	12.5_NB(p)_B108T66	
SRR5988454	SAMN07571817	SRX3144229	PRJNA400602	8355	Xenopus laevis	RNA-Seq	ftp.sra.ebi.ac.uk/vol1/fastq/SRR598/004/SRR5988454/SRR5988454_1.fastq.gz;ftp.sra.ebi.ac.uk/vol1/fastq/SRR598/004/SRR5988454/SRR5988454_2.fastq.gz		ftp.sra.ebi.ac.uk/vol1/srr/SRR598/004/SRR5988454	GSM2758819	12.5_NB(l)_B108T49	
SRR5988457	SAMN07571814	SRX3144232	PRJNA400602	8355	Xenopus laevis	RNA-Seq	ftp.sra.ebi.ac.uk/vol1/fastq/SRR598/007/SRR5988457/SRR5988457_1.fastq.gz;ftp.sra.ebi.ac.uk/vol1/fastq/SRR598/007/SRR5988457/SRR5988457_2.fastq.gz		ftp.sra.ebi.ac.uk/vol1/srr/SRR598/007/SRR5988457	GSM2758822	12.5_NB(a)_B108T68	
SRR5988459	SAMN07571794	SRX3144234	PRJNA400602	8355	Xenopus laevis	RNA-Seq	ftp.sra.ebi.ac.uk/vol1/fastq/SRR598/009/SRR5988459/SRR5988459_1.fastq.gz;ftp.sra.ebi.ac.uk/vol1/fastq/SRR598/009/SRR5988459/SRR5988459_2.fastq.gz		ftp.sra.ebi.ac.uk/vol1/srr/SRR598/009/SRR5988459	GSM2758824	12.5_NP(p)_B108T50	
SRR5988460	SAMN07571793	SRX3144235	PRJNA400602	8355	Xenopus laevis	RNA-Seq	ftp.sra.ebi.ac.uk/vol1/fastq/SRR598/000/SRR5988460/SRR5988460_1.fastq.gz;ftp.sra.ebi.ac.uk/vol1/fastq/SRR598/000/SRR5988460/SRR5988460_2.fastq.gz		ftp.sra.ebi.ac.uk/vol1/srr/SRR598/000/SRR5988460	GSM2758825	12.5_NB(p)_B108T69	
SRR5988470	SAMN07571783	SRX3144245	PRJNA400602	8355	Xenopus laevis	RNA-Seq	ftp.sra.ebi.ac.uk/vol1/fastq/SRR598/000/SRR5988470/SRR5988470_1.fastq.gz;ftp.sra.ebi.ac.uk/vol1/fastq/SRR598/000/SRR5988470/SRR5988470_2.fastq.gz		ftp.sra.ebi.ac.uk/vol1/srr/SRR598/000/SRR5988470	GSM2758835	12.5_NNE_B108T6	
SRR5988481	SAMN07571771	SRX3144256	PRJNA400602	8355	Xenopus laevis	RNA-Seq	ftp.sra.ebi.ac.uk/vol1/fastq/SRR598/001/SRR5988481/SRR5988481_1.fastq.gz;ftp.sra.ebi.ac.uk/vol1/fastq/SRR598/001/SRR5988481/SRR5988481_2.fastq.gz		ftp.sra.ebi.ac.uk/vol1/srr/SRR598/001/SRR5988481	GSM2758846	14_ANF/PPE_B108T56	
SRR5988483	SAMN07571769	SRX3144258	PRJNA400602	8355	Xenopus laevis	RNA-Seq	ftp.sra.ebi.ac.uk/vol1/fastq/SRR598/003/SRR5988483/SRR5988483_1.fastq.gz;ftp.sra.ebi.ac.uk/vol1/fastq/SRR598/003/SRR5988483/SRR5988483_2.fastq.gz		ftp.sra.ebi.ac.uk/vol1/srr/SRR598/003/SRR5988483	GSM2758848	14_NP(p)_B108T77	
SRR5988486	SAMN07571766	SRX3144261	PRJNA400602	8355	Xenopus laevis	RNA-Seq	ftp.sra.ebi.ac.uk/vol1/fastq/SRR598/006/SRR5988486/SRR5988486_1.fastq.gz;ftp.sra.ebi.ac.uk/vol1/fastq/SRR598/006/SRR5988486/SRR5988486_2.fastq.gz		ftp.sra.ebi.ac.uk/vol1/srr/SRR598/006/SRR5988486	GSM2758851	14_NNE(p)_B108T95	
SRR5988487	SAMN07571765	SRX3144262	PRJNA400602	8355	Xenopus laevis	RNA-Seq	ftp.sra.ebi.ac.uk/vol1/fastq/SRR598/007/SRR5988487/SRR5988487_1.fastq.gz;ftp.sra.ebi.ac.uk/vol1/fastq/SRR598/007/SRR5988487/SRR5988487_2.fastq.gz		ftp.sra.ebi.ac.uk/vol1/srr/SRR598/007/SRR5988487	GSM2758852	14_ANF/PPE_B100T9	
SRR5988489	SAMN07571763	SRX3144264	PRJNA400602	8355	Xenopus laevis	RNA-Seq	ftp.sra.ebi.ac.uk/vol1/fastq/SRR598/009/SRR5988489/SRR5988489_1.fastq.gz;ftp.sra.ebi.ac.uk/vol1/fastq/SRR598/009/SRR5988489/SRR5988489_2.fastq.gz		ftp.sra.ebi.ac.uk/vol1/srr/SRR598/009/SRR5988489	GSM2758854	14_ANF/PPE_B108T8	
SRR5988493	SAMN07571759	SRX3144268	PRJNA400602	8355	Xenopus laevis	RNA-Seq	ftp.sra.ebi.ac.uk/vol1/fastq/SRR598/003/SRR5988493/SRR5988493_1.fastq.gz;ftp.sra.ebi.ac.uk/vol1/fastq/SRR598/003/SRR5988493/SRR5988493_2.fastq.gz		ftp.sra.ebi.ac.uk/vol1/srr/SRR598/003/SRR5988493	GSM2758858	14_NNE(a)_B108T96	
SRR5988494	SAMN07571758	SRX3144269	PRJNA400602	8355	Xenopus laevis	RNA-Seq	ftp.sra.ebi.ac.uk/vol1/fastq/SRR598/004/SRR5988494/SRR5988494_1.fastq.gz;ftp.sra.ebi.ac.uk/vol1/fastq/SRR598/004/SRR5988494/SRR5988494_2.fastq.gz		ftp.sra.ebi.ac.uk/vol1/srr/SRR598/004/SRR5988494	GSM2758859	14_ANF/PPE_B108T57	
SRR5988495	SAMN07571757	SRX3144270	PRJNA400602	8355	Xenopus laevis	RNA-Seq	ftp.sra.ebi.ac.uk/vol1/fastq/SRR598/005/SRR5988495/SRR5988495_1.fastq.gz;ftp.sra.ebi.ac.uk/vol1/fastq/SRR598/005/SRR5988495/SRR5988495_2.fastq.gz		ftp.sra.ebi.ac.uk/vol1/srr/SRR598/005/SRR5988495	GSM2758860	14_NP(p)_B108T58	
SRR5988499	SAMN07571753	SRX3144274	PRJNA400602	8355	Xenopus laevis	RNA-Seq	ftp.sra.ebi.ac.uk/vol1/fastq/SRR598/009/SRR5988499/SRR5988499_1.fastq.gz;ftp.sra.ebi.ac.uk/vol1/fastq/SRR598/009/SRR5988499/SRR5988499_2.fastq.gz		ftp.sra.ebi.ac.uk/vol1/srr/SRR598/009/SRR5988499	GSM2758864	14_WE_B108T27	
SRR5988500	SAMN07571752	SRX3144275	PRJNA400602	8355	Xenopus laevis	RNA-Seq	ftp.sra.ebi.ac.uk/vol1/fastq/SRR598/000/SRR5988500/SRR5988500_1.fastq.gz;ftp.sra.ebi.ac.uk/vol1/fastq/SRR598/000/SRR5988500/SRR5988500_2.fastq.gz		ftp.sra.ebi.ac.uk/vol1/srr/SRR598/000/SRR5988500	GSM2758865	14_NB(a)_B108T28	
SRR5988501	SAMN07571751	SRX3144276	PRJNA400602	8355	Xenopus laevis	RNA-Seq	ftp.sra.ebi.ac.uk/vol1/fastq/SRR598/001/SRR5988501/SRR5988501_1.fastq.gz;ftp.sra.ebi.ac.uk/vol1/fastq/SRR598/001/SRR5988501/SRR5988501_2.fastq.gz		ftp.sra.ebi.ac.uk/vol1/srr/SRR598/001/SRR5988501	GSM2758866	14_NB(a)_B108T84	
SRR5988504	SAMN07571813	SRX3144279	PRJNA400602	8355	Xenopus laevis	RNA-Seq	ftp.sra.ebi.ac.uk/vol1/fastq/SRR598/004/SRR5988504/SRR5988504_1.fastq.gz;ftp.sra.ebi.ac.uk/vol1/fastq/SRR598/004/SRR5988504/SRR5988504_2.fastq.gz		ftp.sra.ebi.ac.uk/vol1/srr/SRR598/004/SRR5988504	GSM2758869	12_WE_B108T36	
SRR5988507	SAMN07571810	SRX3144282	PRJNA400602	8355	Xenopus laevis	RNA-Seq	ftp.sra.ebi.ac.uk/vol1/fastq/SRR598/007/SRR5988507/SRR5988507_1.fastq.gz;ftp.sra.ebi.ac.uk/vol1/fastq/SRR598/007/SRR5988507/SRR5988507_2.fastq.gz		ftp.sra.ebi.ac.uk/vol1/srr/SRR598/007/SRR5988507	GSM2758872	14-15_WE_B108T39	
SRR5988508	SAMN07571809	SRX3144283	PRJNA400602	8355	Xenopus laevis	RNA-Seq	ftp.sra.ebi.ac.uk/vol1/fastq/SRR598/008/SRR5988508/SRR5988508_1.fastq.gz;ftp.sra.ebi.ac.uk/vol1/fastq/SRR598/008/SRR5988508/SRR5988508_2.fastq.gz		ftp.sra.ebi.ac.uk/vol1/srr/SRR598/008/SRR5988508	GSM2758873	16-17_WE_B108T40	
SRR5988511	SAMN07571803	SRX3144286	PRJNA400602	8355	Xenopus laevis	RNA-Seq	ftp.sra.ebi.ac.uk/vol1/fastq/SRR598/001/SRR5988511/SRR5988511_1.fastq.gz;ftp.sra.ebi.ac.uk/vol1/fastq/SRR598/001/SRR5988511/SRR5988511_2.fastq.gz		ftp.sra.ebi.ac.uk/vol1/srr/SRR598/001/SRR5988511	GSM2758876	12_WE_B108T43	
SRR5988513	SAMN07571807	SRX3144288	PRJNA400602	8355	Xenopus laevis	RNA-Seq	ftp.sra.ebi.ac.uk/vol1/fastq/SRR598/003/SRR5988513/SRR5988513_1.fastq.gz;ftp.sra.ebi.ac.uk/vol1/fastq/SRR598/003/SRR5988513/SRR5988513_2.fastq.gz		ftp.sra.ebi.ac.uk/vol1/srr/SRR598/003/SRR5988513	GSM2758878	13_WE_B108T45	
SRR5988514	SAMN07571806	SRX3144289	PRJNA400602	8355	Xenopus laevis	RNA-Seq	ftp.sra.ebi.ac.uk/vol1/fastq/SRR598/004/SRR5988514/SRR5988514_1.fastq.gz;ftp.sra.ebi.ac.uk/vol1/fastq/SRR598/004/SRR5988514/SRR5988514_2.fastq.gz		ftp.sra.ebi.ac.uk/vol1/srr/SRR598/004/SRR5988514	GSM2758879	14-15_WE_B108T46	
SRR5988516	SAMN07571801	SRX3144291	PRJNA400602	8355	Xenopus laevis	RNA-Seq	ftp.sra.ebi.ac.uk/vol1/fastq/SRR598/006/SRR5988516/SRR5988516_1.fastq.gz;ftp.sra.ebi.ac.uk/vol1/fastq/SRR598/006/SRR5988516/SRR5988516_2.fastq.gz		ftp.sra.ebi.ac.uk/vol1/srr/SRR598/006/SRR5988516	GSM2758881	18-19_WE_B108T48	
SRR5988517	SAMN07571800	SRX3144292	PRJNA400602	8355	Xenopus laevis	RNA-Seq	ftp.sra.ebi.ac.uk/vol1/fastq/SRR598/007/SRR5988517/SRR5988517_1.fastq.gz;ftp.sra.ebi.ac.uk/vol1/fastq/SRR598/007/SRR5988517/SRR5988517_2.fastq.gz		ftp.sra.ebi.ac.uk/vol1/srr/SRR598/007/SRR5988517	GSM2758882	17_NC_B108T9	
SRR5988518	SAMN07571799	SRX3144293	PRJNA400602	8355	Xenopus laevis	RNA-Seq	ftp.sra.ebi.ac.uk/vol1/fastq/SRR598/008/SRR5988518/SRR5988518_1.fastq.gz;ftp.sra.ebi.ac.uk/vol1/fastq/SRR598/008/SRR5988518/SRR5988518_2.fastq.gz		ftp.sra.ebi.ac.uk/vol1/srr/SRR598/008/SRR5988518	GSM2758883	14_NB_B108T12	
SRR5988521	SAMN07571796	SRX3144296	PRJNA400602	8355	Xenopus laevis	RNA-Seq	ftp.sra.ebi.ac.uk/vol1/fastq/SRR598/001/SRR5988521/SRR5988521_1.fastq.gz;ftp.sra.ebi.ac.uk/vol1/fastq/SRR598/001/SRR5988521/SRR5988521_2.fastq.gz		ftp.sra.ebi.ac.uk/vol1/srr/SRR598/001/SRR5988521	GSM2758886	17_Pc_B108T17	
SRR5988447	SAMN07571745	SRX3144222	PRJNA400602	8355	Xenopus laevis	RNA-Seq	ftp.sra.ebi.ac.uk/vol1/fastq/SRR598/007/SRR5988447/SRR5988447_1.fastq.gz;ftp.sra.ebi.ac.uk/vol1/fastq/SRR598/007/SRR5988447/SRR5988447_2.fastq.gz		ftp.sra.ebi.ac.uk/vol1/srr/SRR598/007/SRR5988447	GSM2758812	17_NC_B108T1	
SRR5988449	SAMN07571743	SRX3144224	PRJNA400602	8355	Xenopus laevis	RNA-Seq	ftp.sra.ebi.ac.uk/vol1/fastq/SRR598/009/SRR5988449/SRR5988449_1.fastq.gz;ftp.sra.ebi.ac.uk/vol1/fastq/SRR598/009/SRR5988449/SRR5988449_2.fastq.gz		ftp.sra.ebi.ac.uk/vol1/srr/SRR598/009/SRR5988449	GSM2758814	14_NB_B108T83	
SRR5988450	SAMN07571742	SRX3144225	PRJNA400602	8355	Xenopus laevis	RNA-Seq	ftp.sra.ebi.ac.uk/vol1/fastq/SRR598/000/SRR5988450/SRR5988450_1.fastq.gz;ftp.sra.ebi.ac.uk/vol1/fastq/SRR598/000/SRR5988450/SRR5988450_2.fastq.gz		ftp.sra.ebi.ac.uk/vol1/srr/SRR598/000/SRR5988450	GSM2758815	14_NP_B100T18	
SRR5988455	SAMN07571816	SRX3144230	PRJNA400602	8355	Xenopus laevis	RNA-Seq	ftp.sra.ebi.ac.uk/vol1/fastq/SRR598/005/SRR5988455/SRR5988455_1.fastq.gz;ftp.sra.ebi.ac.uk/vol1/fastq/SRR598/005/SRR5988455/SRR5988455_2.fastq.gz		ftp.sra.ebi.ac.uk/vol1/srr/SRR598/005/SRR5988455	GSM2758820	12.5_NNE_B108T3	
SRR5988456	SAMN07571815	SRX3144231	PRJNA400602	8355	Xenopus laevis	RNA-Seq	ftp.sra.ebi.ac.uk/vol1/fastq/SRR598/006/SRR5988456/SRR5988456_1.fastq.gz;ftp.sra.ebi.ac.uk/vol1/fastq/SRR598/006/SRR5988456/SRR5988456_2.fastq.gz		ftp.sra.ebi.ac.uk/vol1/srr/SRR598/006/SRR5988456	GSM2758821	12.5_NP(a)_B108T67	
SRR5988458	SAMN07571780	SRX3144233	PRJNA400602	8355	Xenopus laevis	RNA-Seq	ftp.sra.ebi.ac.uk/vol1/fastq/SRR598/008/SRR5988458/SRR5988458_1.fastq.gz;ftp.sra.ebi.ac.uk/vol1/fastq/SRR598/008/SRR5988458/SRR5988458_2.fastq.gz		ftp.sra.ebi.ac.uk/vol1/srr/SRR598/008/SRR5988458	GSM2758823	12.5_ANB/PPE_B108T4	
SRR5988461	SAMN07571792	SRX3144236	PRJNA400602	8355	Xenopus laevis	RNA-Seq	ftp.sra.ebi.ac.uk/vol1/fastq/SRR598/001/SRR5988461/SRR5988461_1.fastq.gz;ftp.sra.ebi.ac.uk/vol1/fastq/SRR598/001/SRR5988461/SRR5988461_2.fastq.gz		ftp.sra.ebi.ac.uk/vol1/srr/SRR598/001/SRR5988461	GSM2758826	12.5_NB(l)_B108T51	
SRR5988462	SAMN07571791	SRX3144237	PRJNA400602	8355	Xenopus laevis	RNA-Seq	ftp.sra.ebi.ac.uk/vol1/fastq/SRR598/002/SRR5988462/SRR5988462_1.fastq.gz;ftp.sra.ebi.ac.uk/vol1/fastq/SRR598/002/SRR5988462/SRR5988462_2.fastq.gz		ftp.sra.ebi.ac.uk/vol1/srr/SRR598/002/SRR5988462	GSM2758827	12.5_NNE_B108T70	
SRR5988468	SAMN07571786	SRX3144243	PRJNA400602	8355	Xenopus laevis	RNA-Seq	ftp.sra.ebi.ac.uk/vol1/fastq/SRR598/008/SRR5988468/SRR5988468_1.fastq.gz;ftp.sra.ebi.ac.uk/vol1/fastq/SRR598/008/SRR5988468/SRR5988468_2.fastq.gz		ftp.sra.ebi.ac.uk/vol1/srr/SRR598/008/SRR5988468	GSM2758833	12.5_NB(p)_B108T73	
SRR5988471	SAMN07571782	SRX3144246	PRJNA400602	8355	Xenopus laevis	RNA-Seq	ftp.sra.ebi.ac.uk/vol1/fastq/SRR598/001/SRR5988471/SRR5988471_1.fastq.gz;ftp.sra.ebi.ac.uk/vol1/fastq/SRR598/001/SRR5988471/SRR5988471_2.fastq.gz		ftp.sra.ebi.ac.uk/vol1/srr/SRR598/001/SRR5988471	GSM2758836	12.5_NP(a)_B108T74	
SRR5988472	SAMN07571781	SRX3144247	PRJNA400602	8355	Xenopus laevis	RNA-Seq	ftp.sra.ebi.ac.uk/vol1/fastq/SRR598/002/SRR5988472/SRR5988472_1.fastq.gz;ftp.sra.ebi.ac.uk/vol1/fastq/SRR598/002/SRR5988472/SRR5988472_2.fastq.gz		ftp.sra.ebi.ac.uk/vol1/srr/SRR598/002/SRR5988472	GSM2758837	12.5_NB(a)_B108T89	
SRR5988476	SAMN07571776	SRX3144251	PRJNA400602	8355	Xenopus laevis	RNA-Seq	ftp.sra.ebi.ac.uk/vol1/fastq/SRR598/006/SRR5988476/SRR5988476_1.fastq.gz;ftp.sra.ebi.ac.uk/vol1/fastq/SRR598/006/SRR5988476/SRR5988476_2.fastq.gz		ftp.sra.ebi.ac.uk/vol1/srr/SRR598/006/SRR5988476	GSM2758841	14_NB(a)_B108T90	
SRR5988477	SAMN07571775	SRX3144252	PRJNA400602	8355	Xenopus laevis	RNA-Seq	ftp.sra.ebi.ac.uk/vol1/fastq/SRR598/007/SRR5988477/SRR5988477_1.fastq.gz;ftp.sra.ebi.ac.uk/vol1/fastq/SRR598/007/SRR5988477/SRR5988477_2.fastq.gz		ftp.sra.ebi.ac.uk/vol1/srr/SRR598/007/SRR5988477	GSM2758842	14_NB(p)_B108T91	
SRR5988478	SAMN07571774	SRX3144253	PRJNA400602	8355	Xenopus laevis	RNA-Seq	ftp.sra.ebi.ac.uk/vol1/fastq/SRR598/008/SRR5988478/SRR5988478_1.fastq.gz;ftp.sra.ebi.ac.uk/vol1/fastq/SRR598/008/SRR5988478/SRR5988478_2.fastq.gz		ftp.sra.ebi.ac.uk/vol1/srr/SRR598/008/SRR5988478	GSM2758843	14_NNE(a)_B108T92	
SRR5988479	SAMN07571773	SRX3144254	PRJNA400602	8355	Xenopus laevis	RNA-Seq	ftp.sra.ebi.ac.uk/vol1/fastq/SRR598/009/SRR5988479/SRR5988479_1.fastq.gz;ftp.sra.ebi.ac.uk/vol1/fastq/SRR598/009/SRR5988479/SRR5988479_2.fastq.gz		ftp.sra.ebi.ac.uk/vol1/srr/SRR598/009/SRR5988479	GSM2758844	14_NNE(p)_B108T93	
SRR5988485	SAMN07571767	SRX3144260	PRJNA400602	8355	Xenopus laevis	RNA-Seq	ftp.sra.ebi.ac.uk/vol1/fastq/SRR598/005/SRR5988485/SRR5988485_1.fastq.gz;ftp.sra.ebi.ac.uk/vol1/fastq/SRR598/005/SRR5988485/SRR5988485_2.fastq.gz		ftp.sra.ebi.ac.uk/vol1/srr/SRR598/005/SRR5988485	GSM2758850	14_NNE(p)_B108T94	
SRR5988488	SAMN07571764	SRX3144263	PRJNA400602	8355	Xenopus laevis	RNA-Seq	ftp.sra.ebi.ac.uk/vol1/fastq/SRR598/008/SRR5988488/SRR5988488_1.fastq.gz;ftp.sra.ebi.ac.uk/vol1/fastq/SRR598/008/SRR5988488/SRR5988488_2.fastq.gz		ftp.sra.ebi.ac.uk/vol1/srr/SRR598/008/SRR5988488	GSM2758853	14_NB(p)_B100T17	
SRR5988490	SAMN07571762	SRX3144265	PRJNA400602	8355	Xenopus laevis	RNA-Seq	ftp.sra.ebi.ac.uk/vol1/fastq/SRR598/000/SRR5988490/SRR5988490_1.fastq.gz;ftp.sra.ebi.ac.uk/vol1/fastq/SRR598/000/SRR5988490/SRR5988490_2.fastq.gz		ftp.sra.ebi.ac.uk/vol1/srr/SRR598/000/SRR5988490	GSM2758855	14_NP(p)_B108T79	
SRR5988492	SAMN07571760	SRX3144267	PRJNA400602	8355	Xenopus laevis	RNA-Seq	ftp.sra.ebi.ac.uk/vol1/fastq/SRR598/002/SRR5988492/SRR5988492_1.fastq.gz;ftp.sra.ebi.ac.uk/vol1/fastq/SRR598/002/SRR5988492/SRR5988492_2.fastq.gz		ftp.sra.ebi.ac.uk/vol1/srr/SRR598/002/SRR5988492	GSM2758857	14_NB(p)_B108T81	
SRR5988496	SAMN07571756	SRX3144271	PRJNA400602	8355	Xenopus laevis	RNA-Seq	ftp.sra.ebi.ac.uk/vol1/fastq/SRR598/006/SRR5988496/SRR5988496_1.fastq.gz;ftp.sra.ebi.ac.uk/vol1/fastq/SRR598/006/SRR5988496/SRR5988496_2.fastq.gz		ftp.sra.ebi.ac.uk/vol1/srr/SRR598/006/SRR5988496	GSM2758861	14_NNE(a)_B108T82	
SRR5988497	SAMN07571755	SRX3144272	PRJNA400602	8355	Xenopus laevis	RNA-Seq	ftp.sra.ebi.ac.uk/vol1/fastq/SRR598/007/SRR5988497/SRR5988497_1.fastq.gz;ftp.sra.ebi.ac.uk/vol1/fastq/SRR598/007/SRR5988497/SRR5988497_2.fastq.gz		ftp.sra.ebi.ac.uk/vol1/srr/SRR598/007/SRR5988497	GSM2758862	14_ANF/PPE_B108T59	
SRR5988502	SAMN07571750	SRX3144277	PRJNA400602	8355	Xenopus laevis	RNA-Seq	ftp.sra.ebi.ac.uk/vol1/fastq/SRR598/002/SRR5988502/SRR5988502_1.fastq.gz;ftp.sra.ebi.ac.uk/vol1/fastq/SRR598/002/SRR5988502/SRR5988502_2.fastq.gz		ftp.sra.ebi.ac.uk/vol1/srr/SRR598/002/SRR5988502	GSM2758867	14_NB(p)_B100T20	
SRR5988506	SAMN07571811	SRX3144281	PRJNA400602	8355	Xenopus laevis	RNA-Seq	ftp.sra.ebi.ac.uk/vol1/fastq/SRR598/006/SRR5988506/SRR5988506_1.fastq.gz;ftp.sra.ebi.ac.uk/vol1/fastq/SRR598/006/SRR5988506/SRR5988506_2.fastq.gz		ftp.sra.ebi.ac.uk/vol1/srr/SRR598/006/SRR5988506	GSM2758871	13_WE_B108T38	
SRR5988510	SAMN07571804	SRX3144285	PRJNA400602	8355	Xenopus laevis	RNA-Seq	ftp.sra.ebi.ac.uk/vol1/fastq/SRR598/000/SRR5988510/SRR5988510_1.fastq.gz;ftp.sra.ebi.ac.uk/vol1/fastq/SRR598/000/SRR5988510/SRR5988510_2.fastq.gz		ftp.sra.ebi.ac.uk/vol1/srr/SRR598/000/SRR5988510	GSM2758875	11-11.5_WE_B108T42	
SRR5988512	SAMN07571808	SRX3144287	PRJNA400602	8355	Xenopus laevis	RNA-Seq	ftp.sra.ebi.ac.uk/vol1/fastq/SRR598/002/SRR5988512/SRR5988512_1.fastq.gz;ftp.sra.ebi.ac.uk/vol1/fastq/SRR598/002/SRR5988512/SRR5988512_2.fastq.gz		ftp.sra.ebi.ac.uk/vol1/srr/SRR598/002/SRR5988512	GSM2758877	12.5_WE_B108T44	
SRR5988519	SAMN07571798	SRX3144294	PRJNA400602	8355	Xenopus laevis	RNA-Seq	ftp.sra.ebi.ac.uk/vol1/fastq/SRR598/009/SRR5988519/SRR5988519_1.fastq.gz;ftp.sra.ebi.ac.uk/vol1/fastq/SRR598/009/SRR5988519/SRR5988519_2.fastq.gz		ftp.sra.ebi.ac.uk/vol1/srr/SRR598/009/SRR5988519	GSM2758884	17_NC_B108T14	
